{
  "user_id": "user",
  "calibrated_at": 1776490054.853339,
  "ranges": {
    "shoulder_flexion_r": [
      45.821191607992745,
      177.1375517032901
    ],
    "shoulder_abduction_r": [
      56.67558757963794,
      158.8641697039071
    ],
    "elbow_extension_r": [
      66.9626909961645,
      175.66527709553844
    ],
    "shoulder_flexion_l": [
      40.6239190493419,
      172.73706931629627
    ],
    "shoulder_abduction_l": [
      60.34707180694731,
      144.56010233276075
    ],
    "elbow_extension_l": [
      75.3148610662797,
      171.96901270862023
    ],
    "wrist_flexion_r": [
      10.972815165635177,
      172.02909480656228
    ],
    "forearm_pronation_l": [
      0.0,
      0.02938015665858984
    ],
    "wrist_velocity_r": [
      0.0,
      0.7799092605588873
    ],
    "shoulder_velocity_r": [
      0.0,
      0.6945519889465577
    ],
    "tremor_variance_r": [
      0.0,
      0.11785354854248953
    ],
    "wrist_velocity_l": [
      0.0,
      0.5690349317985299
    ],
    "shoulder_velocity_l": [
      0.0,
      0.6970948677566923
    ],
    "tremor_variance_l": [
      0.0,
      0.06377951758075952
    ],
    "forearm_pronation_r": [
      0.0,
      0.03869942855089903
    ],
    "wrist_flexion_l": [
      22.25338594576739,
      172.69747470470054
    ]
  }
}