{
  "user_id": "user_35",
  "calibrated_at": 1776565065.9230642,
  "ranges": {
    "shoulder_flexion_r": [
      7.556102986529608,
      172.81758371433776
    ],
    "shoulder_abduction_r": [
      64.86918599084133,
      174.4675751273791
    ],
    "elbow_extension_r": [
      108.81355913688442,
      173.2708436355907
    ],
    "shoulder_flexion_l": [
      10.095882631329106,
      168.0535103645432
    ],
    "shoulder_abduction_l": [
      73.61067449595448,
      170.03687338642385
    ],
    "elbow_extension_l": [
      100.81353224257407,
      174.90482479800554
    ],
    "forearm_pronation_r": [
      0.0,
      0.019363782717846334
    ],
    "wrist_flexion_l": [
      3.437748252106299,
      174.84802156682701
    ],
    "wrist_velocity_r": [
      0.0,
      0.7267419600883662
    ],
    "shoulder_velocity_r": [
      0.0,
      0.5757196657382906
    ],
    "tremor_variance_r": [
      0.0,
      0.14116635408593523
    ],
    "wrist_velocity_l": [
      0.0,
      0.9075947338539422
    ],
    "shoulder_velocity_l": [
      0.0,
      0.6667978850420535
    ],
    "tremor_variance_l": [
      0.0,
      0.06897060855480576
    ],
    "forearm_pronation_l": [
      0.0,
      0.015124938072403893
    ],
    "wrist_flexion_r": [
      8.602206150923521,
      122.16606577241463
    ]
  }
}