{
  "user_id": "user",
  "calibrated_at": 1776558204.4735498,
  "ranges": {
    "shoulder_flexion_r": [
      12.518402773788829,
      150.08904533726906
    ],
    "shoulder_abduction_r": [
      77.11415456255395,
      146.8960789566003
    ],
    "elbow_extension_r": [
      84.00071215382881,
      168.57983118652407
    ],
    "shoulder_flexion_l": [
      16.472275142548053,
      158.2473476641671
    ],
    "shoulder_abduction_l": [
      67.15063385488429,
      165.79495578966825
    ],
    "elbow_extension_l": [
      96.43559562349924,
      171.27267532835756
    ],
    "forearm_pronation_r": [
      0.0,
      0.021648872643709183
    ],
    "forearm_pronation_l": [
      0.0,
      0.018801378784701228
    ],
    "wrist_velocity_r": [
      0.0,
      0.41669783235721836
    ],
    "shoulder_velocity_r": [
      0.0,
      0.20610532563089368
    ],
    "tremor_variance_r": [
      0.0,
      0.18344721084688748
    ],
    "wrist_velocity_l": [
      0.0,
      0.3251441221138002
    ],
    "shoulder_velocity_l": [
      0.0,
      0.1677057026389091
    ],
    "tremor_variance_l": [
      0.0,
      0.19863257175820723
    ],
    "wrist_flexion_l": [
      1.3306295295905586,
      67.59484601995212
    ],
    "wrist_flexion_r": [
      2.7737566853158606,
      79.83655329626215
    ]
  }
}