{
  "user_id": "user",
  "calibrated_at": 1776566013.5938072,
  "ranges": {
    "shoulder_flexion_r": [
      10.694769303109153,
      150.9246229897919
    ],
    "shoulder_abduction_r": [
      72.48940780690542,
      127.90146145961171
    ],
    "elbow_extension_r": [
      106.11914383809959,
      170.4706331691889
    ],
    "shoulder_flexion_l": [
      12.47371645722294,
      97.93597560040632
    ],
    "shoulder_abduction_l": [
      61.05045565867594,
      120.1266818388178
    ],
    "elbow_extension_l": [
      110.04076879541823,
      174.15134561886936
    ],
    "forearm_pronation_r": [
      0.0,
      0.018196795135736465
    ],
    "wrist_flexion_l": [
      3.3392775838371676,
      163.4584994245122
    ],
    "forearm_pronation_l": [
      0.0,
      0.015361405443400145
    ],
    "wrist_velocity_r": [
      0.0,
      0.29837838901937236
    ],
    "shoulder_velocity_r": [
      0.0,
      0.12834088870528662
    ],
    "tremor_variance_r": [
      0.0,
      0.0841283579247877
    ],
    "wrist_velocity_l": [
      0.0,
      1.1034242058315908
    ],
    "shoulder_velocity_l": [
      0.0,
      0.09592318362649793
    ],
    "tremor_variance_l": [
      0.0,
      0.04059249717706117
    ],
    "wrist_flexion_r": [
      6.898844011028782,
      81.96054192539754
    ]
  }
}