{
  "user_id": "user",
  "calibrated_at": 1776532915.278168,
  "ranges": {
    "shoulder_flexion_r": [
      20.24883009279137,
      98.76191150998446
    ],
    "shoulder_abduction_r": [
      79.72573488791225,
      164.78291079513747
    ],
    "elbow_extension_r": [
      113.38290408619275,
      160.32214400798418
    ],
    "shoulder_flexion_l": [
      19.184836604134777,
      74.68901008339695
    ],
    "shoulder_abduction_l": [
      82.75690908307271,
      120.22170544808608
    ],
    "elbow_extension_l": [
      68.88775570811606,
      144.1228603286001
    ],
    "forearm_pronation_r": [
      0.0,
      0.04679965227842331
    ],
    "forearm_pronation_l": [
      0.0,
      0.010159296914935112
    ],
    "wrist_velocity_r": [
      0.0,
      0.9197685596849655
    ],
    "shoulder_velocity_r": [
      0.0,
      0.19418657568023207
    ],
    "tremor_variance_r": [
      0.0,
      0.5188008382903474
    ],
    "wrist_velocity_l": [
      0.0,
      0.609415426495928
    ],
    "shoulder_velocity_l": [
      0.0,
      0.18308426494495902
    ],
    "tremor_variance_l": [
      0.0,
      0.19132000690600534
    ],
    "wrist_flexion_l": [
      17.226990935640718,
      44.00786978739098
    ],
    "wrist_flexion_r": [
      3.6518118807821556,
      45.53025421766072
    ]
  }
}