{
  "user_id": "user_860",
  "calibrated_at": 1776526890.297917,
  "ranges": {
    "shoulder_flexion_r": [
      21.25285161299444,
      108.48258446914716
    ],
    "shoulder_abduction_r": [
      94.26887829657736,
      136.41749403819938
    ],
    "elbow_extension_r": [
      83.05827390829094,
      164.52544925231146
    ],
    "shoulder_flexion_l": [
      7.72134647207921,
      73.1271581900072
    ],
    "shoulder_abduction_l": [
      86.2750223388776,
      122.17314561713718
    ],
    "elbow_extension_l": [
      32.4999325852656,
      149.21953801072488
    ],
    "forearm_pronation_r": [
      0.0,
      0.051686590537428856
    ],
    "forearm_pronation_l": [
      0.0,
      0.05443925783038139
    ],
    "wrist_velocity_r": [
      0.0,
      0.9452097434014572
    ],
    "shoulder_velocity_r": [
      0.0,
      0.2825753636196455
    ],
    "tremor_variance_r": [
      0.0,
      1.3427206516068442
    ],
    "wrist_velocity_l": [
      0.0,
      0.939412534201126
    ],
    "shoulder_velocity_l": [
      0.0,
      0.40517253800705266
    ],
    "tremor_variance_l": [
      0.0,
      0.4740381221442824
    ],
    "wrist_flexion_l": [
      6.277984823370997,
      66.80749401355968
    ],
    "wrist_flexion_r": [
      12.223075966572344,
      56.629670829805896
    ]
  }
}